hotspot	chrom	pos	ref	alt
DNMT3A R882H	2	25457242	C	T
DNMT3A R882C	2	25457243	G	A
JAK2 V617F	9	5073770	G	T
SF3B1 K700E	2	198266834	T	C
SRSF2 P95H	17	74732959	G	T
IDH2 R140Q	15	90631934	C	T
IDH1 R132H	2	209113112	C	T
U2AF1 S34F	21	44524456	G	A
U2AF1 Q157P	21	44514777	T	G
GNB1 K57E	1	1747228	T	C
KRAS G12D	12	25398284	C	T
NRAS G12D	1	115258747	C	T
MPL W515L	1	43815009	G	T
GNAS R201C	20	57484420	C	T
PPM1D R552*	17	58740538	C	T
TP53 R175H	17	7578406	C	T
TP53 R248Q	17	7577538	C	T
TP53 R273H	17	7577120	C	T
ASXL1 G646fs (dupG)	20	31022441	G	GG
