rsid	gene	allele	drug
rs4149056	SLCO1B1	*5 c.521T>C	simvastatin myopathy
rs2306283	SLCO1B1	*1B c.388A>G	statin transport
rs1128503	ABCB1	C1236T	digoxin, opioids
rs2032582	ABCB1	G2677T/A	
rs1045642	ABCB1	C3435T	
rs4244285	CYP2C19	*2	
rs12777823	CYP2C	warfarin dose (African)	
rs9934438	VKORC1	1173C>T	warfarin
rs2108622	CYP4F2	*3 V433M	warfarin
rs1799853	CYP2C9	*2	
rs4986893	CYP2C19	*3	
rs776746	CYP3A5	*3	tacrolimus
rs10264272	CYP3A5	*6	
rs41303343	CYP3A5	*7	
rs3892097	CYP2D6	*4	
rs1065852	CYP2D6	*10	
rs5030655	CYP2D6	*6	
rs3745274	CYP2B6	*6 516G>T	efavirenz
rs2279343	CYP2B6	*4 785A>G	
rs1801272	CYP2A6	*2	
rs28399433	CYP2A6	*9 -48T>G	nicotine
rs1800460	TPMT	*3B	
rs1142345	TPMT	*3C	thiopurines
rs116855232	NUDT15	*3	thiopurines
rs3918290	DPYD	*2A	fluoropyrimidines
rs55886062	DPYD	*13	
rs67376798	DPYD	c.2846A>T	
rs75017182	DPYD	HapB3	
rs1801159	DPYD	*5	
rs887829	UGT1A1	*80	irinotecan
rs4148323	UGT1A1	*6 G71R	East Asian hyperbilirubinaemia
rs1800462	TPMT	*2	
rs2231142	ABCG2	Q141K	rosuvastatin, allopurinol
rs12979860	IFNL3	IL28B	interferon response
rs8099917	IFNL4		
rs1799752	ACE	I/D	
rs4680	COMT	V158M	
rs2242480	CYP3A4	*1G	East Asian, tacrolimus/statins
rs35599367	CYP3A4	*22	
rs1057910	CYP2C9	*3	
rs57191353	CYP2C9	*13	
rs72552267	CYP2D6	*29	
rs28371725	CYP2D6	*41	
rs1801133	MTHFR	C677T	methotrexate
rs1801131	MTHFR	A1298C	
rs4149117	SLCO1B3		
rs2740574	CYP3A4	*1B	
rs1695	GSTP1	I105V	
rs1800566	NQO1	P187S	
rs1051740	EPHX1	Y113H	
rs4880	SOD2	A16V	
rs1799931	NAT2	*7	
rs1801280	NAT2	*5	
rs1799930	NAT2	*6	
rs1041983	NAT2		
rs1495741	NAT2	tagging	
rs9923231	VKORC1	-1639G>A	warfarin dose
rs7412	APOE		
rs429358	APOE		statin/AD
rs1799983	NOS3	E298D	
rs2231137	ABCG2	V12M	
rs11045819	SLCO1B1	*4	
rs34059508	SLCO1B1		
rs4363657	SLCO1B1	statin myopathy tag	
rs2884737	VKORC1	warfarin	
rs1057868	POR	*28	
rs1801265	DPYD	*9A	
rs2297595	DPYD		
rs17376848	DPYD		
rs1800571	TPMT	*8	
rs1143674	ITPA		
rs1127354	ITPA	P32T	ribavirin, thiopurines
rs7853758	SLC28A3	anthracycline cardiotoxicity	
rs17863783	UGT1A1	*80	
rs2306168	SLC5A2		
