rsid	direct_or_proxy	evidence_level	ancestry_note	source
rs671	DIRECT_GENOTYPE	A	EAS-specific allele, well replicated	CPIC ALDH2 statement; PharmGKB; Brooks 2009 PLoS Med
rs1229984	DIRECT_GENOTYPE	A	common in EAS	PharmGKB; Edenberg 2007
rs3827760	DIRECT_GENOTYPE	B	EAS-specific derived allele	Fujimoto 2008; Kamberov 2013
rs17822931	DIRECT_GENOTYPE	A	EAS	Yoshiura 2006
rs4988235	DIRECT_GENOTYPE	B	European LP allele; absence expected in EAS	Enattah 2002
rs182549	DIRECT_GENOTYPE	B	as above	Enattah 2002
rs429358	DIRECT_GENOTYPE	A	allele effects replicated in EAS	Yamazaki 2019 Nat Rev Neurol
rs7412	DIRECT_GENOTYPE	A		—
rs1815739	DIRECT_GENOTYPE	D		Pickering 2017 review
rs1801133	DIRECT_GENOTYPE	B	677TT ~20-30% in northern Han	ACMG 2013 practice guideline (Hickey)
rs1801131	DIRECT_GENOTYPE	B		—
rs762551	DIRECT_GENOTYPE	D		Sachse 1999; Cornelis 2006
rs5751876	DIRECT_GENOTYPE	D		Alsene 2003; Childs 2008
rs4680	DIRECT_GENOTYPE	D		Barnett 2008 meta-analysis
rs6265	DIRECT_GENOTYPE	D		—
rs53576	DIRECT_GENOTYPE	D		Bakermans-Kranenburg 2014
rs1800497	DIRECT_GENOTYPE	D		—
rs4244285	DIRECT_GENOTYPE	A(allele) / phenotype not assignable	*2 common in EAS	CPIC CYP2C19
rs4986893	DIRECT_GENOTYPE	A(allele)	*3 EAS-specific	CPIC CYP2C19
rs12248560	NOT_COVERED	—		—
rs1799853	DIRECT_GENOTYPE	A(allele)	*2 rare in EAS	CPIC CYP2C9
rs1057910	DIRECT_GENOTYPE	A(allele)	*3 ~3-4% in EAS	CPIC CYP2C9
rs9923231	DIRECT_GENOTYPE	A	−1639A ~90% in EAS	CPIC warfarin 2017
rs4149056	DIRECT_GENOTYPE	A(allele)		CPIC SLCO1B1 2022
rs116855232	DIRECT_GENOTYPE	A	EAS-relevant (allele freq ~10%)	CPIC TPMT/NUDT15 2018 (Relling)
rs1065852	DIRECT_GENOTYPE	A(allele)	*10 ~50% in EAS	CPIC CYP2D6
rs9263726	TAG_SNP	B	tag validated in Han (r2≈1 in Han Chinese)	Tohkin 2013; Yang 2015
rs7903146	DIRECT_GENOTYPE	C	effect replicated in EAS, T allele rarer	Grant 2006; Cauchi 2007
rs9939609	DIRECT_GENOTYPE	C		Frayling 2007
rs1801282	DIRECT_GENOTYPE	C		Altshuler 2000
rs1333049	DIRECT_GENOTYPE	C	replicated in EAS	Samani 2007; Hinohara 2008
rs6983267	DIRECT_GENOTYPE	C		Haiman 2007
rs2187668	TAG_SNP	B	tag for DQ2.5 (DQA1*05:01-DQB1*02:01) validated in Europeans; performance in EAS less studied	Monsuur 2008
rs7454108	TAG_SNP	B	tag for DQ8	Monsuur 2008
rs2476601	DIRECT_GENOTYPE	C	R620W essentially absent in EAS	—
rs1800562	DIRECT_GENOTYPE	A	C282Y essentially absent in EAS	—
rs1799945	DIRECT_GENOTYPE	B		—
rs334	NOT_COVERED	—		—
rs12913832	DIRECT_GENOTYPE	B		Sturm 2008
rs1426654	DIRECT_GENOTYPE	B		Lamason 2005
rs16891982	DIRECT_GENOTYPE	B		—
rs885479	DIRECT_GENOTYPE	D		—
rs1805007	DIRECT_GENOTYPE	B		—
rs713598	HAPLOTYPE_INFERENCE	B		Kim 2003 Science; VEP verification 2026-09-08
rs10427255	DIRECT_GENOTYPE	D		Eriksson 2010
rs601338	DIRECT_GENOTYPE	B	W143X essentially absent in EAS	—
rs1047781	DIRECT_GENOTYPE	B	I129F is the EAS non-secretor allele (Se385)	Kudo 1996
rs8176719	HAPLOTYPE_INFERENCE	B		Yip 2002; Ensembl orientation check 2026-09-08
rs8176746	DIRECT_GENOTYPE	B		—
rs2814778	DIRECT_GENOTYPE	A		—
rs1051730	DIRECT_GENOTYPE	C	EAS allele freq low	—
rs1800629	DIRECT_GENOTYPE	D		—
rs11209026	DIRECT_GENOTYPE	C	R381Q essentially absent in EAS	—
rs2228570	NOT_COVERED	—		—
rs1042713	DIRECT_GENOTYPE	D		—
rs2070744	DIRECT_GENOTYPE	D		—
rs5030868	DIRECT_GENOTYPE	A(allele)	Canton is the commonest southern-Chinese G6PD allele	Chiu 1993
rs72554664	NOT_COVERED	—		—
rs137852328	NOT_COVERED	—		—
rs1799964	DIRECT_GENOTYPE	D		—
rs2802292	DIRECT_GENOTYPE	D	G allele associated with longevity in Japanese/Han cohorts	Willcox 2008; Li 2009
rs2764264	DIRECT_GENOTYPE	D		—
rs5882	DIRECT_GENOTYPE	D		Barzilai 2003
rs1801260	DIRECT_GENOTYPE	D		Katzenberg 1998; replication mixed
rs73598374	DIRECT_GENOTYPE	D		Rétey 2005
rs4343	TAG_SNP + DIRECT_INDEL	B		Rigat 1990; Ensembl rs1799752
rs17070145	DIRECT_GENOTYPE	D		Papassotiropoulos 2006; Milnik 2012 meta
rs6746030	DIRECT_GENOTYPE	D		Reimann 2010
rs4961	DIRECT_GENOTYPE	D	460W ~50% allele freq in EAS	Cusi 1997; meta-analyses mixed
rs6152	DIRECT_GENOTYPE	D		Hillmer 2005
rs1160312	DIRECT_GENOTYPE	D		Richards 2008
rs13266634	DIRECT_GENOTYPE	C		Sladek 2007
rs11591147	DIRECT_GENOTYPE	B	R46L essentially absent in EAS	Cohen 2006
rs4481887	DIRECT_GENOTYPE	D		Eriksson 2010
rs12203592	DIRECT_GENOTYPE	B		—
rs72921001	DIRECT_GENOTYPE	D		Eriksson 2012
